{
    "input_type": ["float", 1],
    "output_type": ["float", 1],
    "app_name": "jacobi3d",
    "St": [256, 256, 0],
    "dim": 3,
    "Aorg": [[0,1,1],[1,1,0],[1,1,0],[1,1,2],[1,2,1],[2,1,1]],
    "A": [[5, 5, 6], [8, 4, 4], [2, 4, 2], [3, 5, 2], [5, 6, 5], [3, 5, 4], [4, 4, 6], [4, 6, 6], [2, 5, 3], [4, 6, 4], [5, 4, 1], [6, 4, 6], [7, 4, 5], [4, 8, 4], [5, 4, 5], [3, 4, 1], [2, 4, 6], [3, 6, 3], [1, 5, 4], [4, 6, 2], [5, 6, 3], [3, 4, 3], [3, 6, 5], [6, 5, 5], [1, 4, 3], [5, 4, 3], [4, 5, 7], [7, 4, 3], [5, 5, 2], [2, 5, 5], [5, 4, 7], [7, 5, 4], [5, 7, 4], [4, 7, 5], [4, 4, 4], [4, 4, 2], [6, 4, 2], [4, 4, 0], [4, 4, 8], [3, 7, 4], [6, 6, 4], [3, 4, 5], [4, 5, 1], [1, 4, 5], [5, 5, 4], [3, 4, 7], [4, 5, 5], [6, 5, 3], [3, 5, 6], [4, 5, 3], [2, 6, 4], [0, 4, 4], [6, 4, 4], [2, 4, 4], [4, 7, 3]],
    "coeff": ["1/6", "1/6", "1/6", "1/6", "1/6", "1/6"],
    "iter": 1,
    "k": 16,
    "burst_width":512,
    "compute_content":
    [
        "float tmp_adder_0 = input_8_4_4*0.000772f+input_2_4_2*0.004630f;",
        "float tmp_adder_1 = input_5_5_6*0.009259f+tmp_adder_0;",
        "float tmp_adder_2 = input_5_6_5*0.009259f+input_3_5_4*0.027778f;",
        "float tmp_adder_3 = input_3_5_2*0.009259f+tmp_adder_2;",
        "float tmp_adder_4 = tmp_adder_1+tmp_adder_3;",
        "float tmp_adder_5 = input_4_6_6*0.004630f+input_2_5_3*0.009259f;",
        "float tmp_adder_6 = input_4_4_6*0.012346f+tmp_adder_5;",
        "float tmp_adder_7 = input_4_6_4*0.018519f+input_5_4_1*0.003086f;",
        "float tmp_adder_8 = input_6_4_6*0.004630f+input_7_4_5*0.003086f;",
        "float tmp_adder_9 = tmp_adder_7+tmp_adder_8;",
        "float tmp_adder_10 = tmp_adder_6+tmp_adder_9;",
        "float tmp_adder_11 = tmp_adder_4+tmp_adder_10;",
        "float tmp_adder_12 = input_5_4_5*0.018519f+input_3_4_1*0.003086f;",
        "float tmp_adder_13 = input_4_8_4*0.000772f+tmp_adder_12;",
        "float tmp_adder_14 = input_2_4_6*0.004630f+input_3_6_3*0.009259f;",
        "float tmp_adder_15 = input_1_5_4*0.003086f+input_4_6_2*0.004630f;",
        "float tmp_adder_16 = tmp_adder_14+tmp_adder_15;",
        "float tmp_adder_17 = tmp_adder_13+tmp_adder_16;",
        "float tmp_adder_18 = input_3_4_3*0.018519f+input_3_6_5*0.009259f;",
        "float tmp_adder_19 = input_5_6_3*0.009259f+tmp_adder_18;",
        "float tmp_adder_20 = input_6_5_5*0.009259f+input_1_4_3*0.003086f;",
        "float tmp_adder_21 = input_5_4_3*0.018519f+input_4_5_7*0.003086f;",
        "float tmp_adder_22 = tmp_adder_20+tmp_adder_21;",
        "float tmp_adder_23 = tmp_adder_19+tmp_adder_22;",
        "float tmp_adder_24 = tmp_adder_17+tmp_adder_23;",
        "float tmp_adder_25 = tmp_adder_11+tmp_adder_24;",
        "float tmp_adder_26 = input_5_5_2*0.009259f+input_2_5_5*0.009259f;",
        "float tmp_adder_27 = input_7_4_3*0.003086f+tmp_adder_26;",
        "float tmp_adder_28 = input_5_4_7*0.003086f+input_7_5_4*0.003086f;",
        "float tmp_adder_29 = input_5_7_4*0.003086f+input_4_7_5*0.003086f;",
        "float tmp_adder_30 = tmp_adder_28+tmp_adder_29;",
        "float tmp_adder_31 = tmp_adder_27+tmp_adder_30;",
        "float tmp_adder_32 = input_4_4_2*0.012346f+input_6_4_2*0.004630f;",
        "float tmp_adder_33 = input_4_4_4*0.027778f+tmp_adder_32;",
        "float tmp_adder_34 = input_4_4_0*0.000772f+input_4_4_8*0.000772f;",
        "float tmp_adder_35 = input_3_7_4*0.003086f+input_6_6_4*0.004630f;",
        "float tmp_adder_36 = tmp_adder_34+tmp_adder_35;",
        "float tmp_adder_37 = tmp_adder_33+tmp_adder_36;",
        "float tmp_adder_38 = tmp_adder_31+tmp_adder_37;",
        "float tmp_adder_39 = input_4_5_1*0.003086f+input_1_4_5*0.003086f;",
        "float tmp_adder_40 = input_3_4_5*0.018519f+tmp_adder_39;",
        "float tmp_adder_41 = input_5_5_4*0.027778f+input_3_4_7*0.003086f;",
        "float tmp_adder_42 = input_4_5_5*0.027778f+input_6_5_3*0.009259f;",
        "float tmp_adder_43 = tmp_adder_41+tmp_adder_42;",
        "float tmp_adder_44 = tmp_adder_40+tmp_adder_43;",
        "float tmp_adder_45 = input_4_5_3*0.027778f+input_2_6_4*0.004630f;",
        "float tmp_adder_46 = input_3_5_6*0.009259f+tmp_adder_45;",
        "float tmp_adder_47 = input_0_4_4*0.000772f+input_6_4_4*0.012346f;",
        "float tmp_adder_48 = input_2_4_4*0.012346f+input_4_7_3*0.003086f;",
        "float tmp_adder_49 = tmp_adder_47+tmp_adder_48;",
        "float tmp_adder_50 = tmp_adder_46+tmp_adder_49;",
        "float tmp_adder_51 = tmp_adder_44+tmp_adder_50;",
        "float tmp_adder_52 = tmp_adder_38+tmp_adder_51;",
        "float tmp_adder_53 = tmp_adder_25+tmp_adder_52;",
        "output_type output_point = tmp_adder_53;",
        "output[0][output_index_offset] = output_point;",
        ""
    ]
}
