{
    "input_type": ["float", 1],
    "output_type": ["float", 1],
    "app_name": "jacobi2d",
    "St": [2000, 0],
    "dim": 2,
    "Aorg": [[0,1],[1,0],[2,1],[1,2]],
    "A": [[9, 8], [6, 3], [7, 0], [1, 6], [7, 2], [6, 11], [1, 8], [3, 10], [14, 7], [2, 7], [4, 3], [5, 12], [4, 5], [8, 13], [6, 13], [3, 6], [7, 10], [8, 1], [7, 4], [8, 9], [9, 6], [10, 5], [10, 7], [5, 6], [11, 4], [6, 7], [10, 9], [5, 4], [8, 11], [6, 1], [13, 8], [6, 9], [11, 8], [11, 10], [9, 12], [9, 4], [9, 10], [8, 7], [2, 9], [7, 8], [9, 2], [7, 6], [5, 10], [2, 5], [5, 2], [13, 6], [12, 7], [5, 8], [11, 6], [4, 7], [12, 5], [10, 3], [8, 5], [7, 12], [12, 9], [3, 8], [7, 14], [8, 3], [3, 4], [0, 7], [4, 11], [6, 5], [10, 11], [4, 9]],
    "coeff": ["1/4", "1/4", "1/4", "1/4"],
    "iter": 7,
    "k": 16,
    "burst_width":512,
    "compute_content":
    [
        "float tmp_adder_0 = input_9_8*0.044861f+input_6_3*0.008972f;",
        "float tmp_adder_1 = input_7_0*0.000061f+input_1_6*0.000427f;",
        "float tmp_adder_2 = tmp_adder_0+tmp_adder_1;",
        "float tmp_adder_3 = input_7_2*0.002991f+input_6_11*0.008972f;",
        "float tmp_adder_4 = input_1_8*0.000427f+input_3_10*0.002136f;",
        "float tmp_adder_5 = tmp_adder_3+tmp_adder_4;",
        "float tmp_adder_6 = tmp_adder_2+tmp_adder_5;",
        "float tmp_adder_7 = input_14_7*0.000061f+input_2_7*0.002991f;",
        "float tmp_adder_8 = input_4_3*0.002136f+input_5_12*0.001282f;",
        "float tmp_adder_9 = tmp_adder_7+tmp_adder_8;",
        "float tmp_adder_10 = input_4_5*0.014954f+input_8_13*0.000427f;",
        "float tmp_adder_11 = input_6_13*0.000427f+input_3_6*0.008972f;",
        "float tmp_adder_12 = tmp_adder_10+tmp_adder_11;",
        "float tmp_adder_13 = tmp_adder_9+tmp_adder_12;",
        "float tmp_adder_14 = tmp_adder_6+tmp_adder_13;",
        "float tmp_adder_15 = input_7_10*0.026917f+input_8_1*0.000427f;",
        "float tmp_adder_16 = input_7_4*0.026917f+input_8_9*0.044861f;",
        "float tmp_adder_17 = tmp_adder_15+tmp_adder_16;",
        "float tmp_adder_18 = input_9_6*0.044861f+input_10_5*0.014954f;",
        "float tmp_adder_19 = input_10_7*0.026917f+input_5_6*0.044861f;",
        "float tmp_adder_20 = tmp_adder_18+tmp_adder_19;",
        "float tmp_adder_21 = tmp_adder_17+tmp_adder_20;",
        "float tmp_adder_22 = input_11_4*0.002136f+input_6_7*0.074768f;",
        "float tmp_adder_23 = input_10_9*0.014954f+input_5_4*0.014954f;",
        "float tmp_adder_24 = tmp_adder_22+tmp_adder_23;",
        "float tmp_adder_25 = input_8_11*0.008972f+input_6_1*0.000427f;",
        "float tmp_adder_26 = input_13_8*0.000427f+input_6_9*0.044861f;",
        "float tmp_adder_27 = tmp_adder_25+tmp_adder_26;",
        "float tmp_adder_28 = tmp_adder_24+tmp_adder_27;",
        "float tmp_adder_29 = tmp_adder_21+tmp_adder_28;",
        "float tmp_adder_30 = tmp_adder_14+tmp_adder_29;",
        "float tmp_adder_31 = input_11_8*0.008972f+input_11_10*0.002136f;",
        "float tmp_adder_32 = input_9_12*0.001282f+input_9_4*0.014954f;",
        "float tmp_adder_33 = tmp_adder_31+tmp_adder_32;",
        "float tmp_adder_34 = input_9_10*0.014954f+input_8_7*0.074768f;",
        "float tmp_adder_35 = input_2_9*0.001282f+input_7_8*0.074768f;",
        "float tmp_adder_36 = tmp_adder_34+tmp_adder_35;",
        "float tmp_adder_37 = tmp_adder_33+tmp_adder_36;",
        "float tmp_adder_38 = input_9_2*0.001282f+input_7_6*0.074768f;",
        "float tmp_adder_39 = input_5_10*0.014954f+input_2_5*0.001282f;",
        "float tmp_adder_40 = tmp_adder_38+tmp_adder_39;",
        "float tmp_adder_41 = input_5_2*0.001282f+input_13_6*0.000427f;",
        "float tmp_adder_42 = input_12_7*0.002991f+input_5_8*0.044861f;",
        "float tmp_adder_43 = tmp_adder_41+tmp_adder_42;",
        "float tmp_adder_44 = tmp_adder_40+tmp_adder_43;",
        "float tmp_adder_45 = tmp_adder_37+tmp_adder_44;",
        "float tmp_adder_46 = input_11_6*0.008972f+input_4_7*0.026917f;",
        "float tmp_adder_47 = input_12_5*0.001282f+input_10_3*0.002136f;",
        "float tmp_adder_48 = tmp_adder_46+tmp_adder_47;",
        "float tmp_adder_49 = input_8_5*0.044861f+input_7_12*0.002991f;",
        "float tmp_adder_50 = input_12_9*0.001282f+input_3_8*0.008972f;",
        "float tmp_adder_51 = tmp_adder_49+tmp_adder_50;",
        "float tmp_adder_52 = tmp_adder_48+tmp_adder_51;",
        "float tmp_adder_53 = input_7_14*0.000061f+input_8_3*0.008972f;",
        "float tmp_adder_54 = input_3_4*0.002136f+input_0_7*0.000061f;",
        "float tmp_adder_55 = tmp_adder_53+tmp_adder_54;",
        "float tmp_adder_56 = input_4_11*0.002136f+input_6_5*0.044861f;",
        "float tmp_adder_57 = input_10_11*0.002136f+input_4_9*0.014954f;",
        "float tmp_adder_58 = tmp_adder_56+tmp_adder_57;",
        "float tmp_adder_59 = tmp_adder_55+tmp_adder_58;",
        "float tmp_adder_60 = tmp_adder_52+tmp_adder_59;",
        "float tmp_adder_61 = tmp_adder_45+tmp_adder_60;",
        "float tmp_adder_62 = tmp_adder_30+tmp_adder_61;",
        "output_type output_point = tmp_adder_62;",
        "output[0][output_index_offset] = output_point;",
        ""
    ]
}
